year,month,district,households,population_total,population_male,population_female
2026,1,松山區,81110,187235,86986,100249
2026,1,信義區,90948,201255,94384,106871
2026,1,大安區,120781,282127,130045,152082
2026,1,中山區,103468,211833,96747,115086
2026,1,中正區,65813,143978,67841,76137
2026,1,大同區,54534,116535,55576,60959
2026,1,萬華區,81274,168481,81223,87258
2026,1,文山區,110762,253525,119918,133607
2026,1,南港區,49460,111213,53548,57665
2026,1,內湖區,112186,267577,126253,141324
2026,1,士林區,109433,257823,123204,134619
2026,1,北投區,101202,235440,111783,123657
2026,2,松山區,81150,187065,86893,100172
2026,2,信義區,90929,201012,94274,106738
2026,2,大安區,120735,281679,129814,151865
2026,2,中山區,103465,211649,96630,115019
2026,2,中正區,65826,143821,67763,76058
2026,2,大同區,54543,116438,55519,60919
2026,2,萬華區,81258,168261,81124,87137
2026,2,文山區,110769,253272,119803,133469
2026,2,南港區,49512,111175,53499,57676
2026,2,內湖區,112145,267345,126144,141201
2026,2,士林區,109413,257504,123054,134450
2026,2,北投區,101256,235258,111663,123595
2026,3,松山區,81267,186921,86816,100105
2026,3,信義區,90991,200525,94008,106517
2026,3,大安區,120890,281352,129655,151697
2026,3,中山區,103579,211246,96414,114832
2026,3,中正區,65924,143705,67679,76026
2026,3,大同區,54610,116249,55431,60818
2026,3,萬華區,81385,168050,80975,87075
2026,3,文山區,110852,252897,119623,133274
2026,3,南港區,49690,111150,53490,57660
2026,3,內湖區,112189,266907,125881,141026
2026,3,士林區,109484,256966,122776,134190
2026,3,北投區,101473,234918,111464,123454
2026,4,松山區,81249,186886,86785,100101
2026,4,信義區,91008,200278,93883,106395
2026,4,大安區,120927,281271,129625,151646
2026,4,中山區,103590,211189,96386,114803
2026,4,中正區,65922,143675,67644,76031
2026,4,大同區,54607,116143,55380,60763
2026,4,萬華區,81386,167815,80838,86977
2026,4,文山區,110909,252827,119576,133251
2026,4,南港區,49800,111183,53486,57697
2026,4,內湖區,112160,266618,125753,140865
2026,4,士林區,109473,256770,122667,134103
2026,4,北投區,101519,234774,111372,123402
2026,5,松山區,81245,186698,86732,99966
2026,5,信義區,91056,200142,93815,106327
2026,5,大安區,120936,281107,129543,151564
2026,5,中山區,103593,211011,96308,114703
2026,5,中正區,65937,143640,67634,76006
2026,5,大同區,54585,116031,55335,60696
2026,5,萬華區,81422,167576,80737,86839
2026,5,文山區,110999,252712,119511,133201
2026,5,南港區,49920,111197,53473,57724
2026,5,內湖區,112154,266359,125618,140741
2026,5,士林區,109455,256505,122512,133993
2026,5,北投區,101531,234555,111250,123305
2026,6,松山區,81236,186478,86617,99861
2026,6,信義區,91035,199927,93705,106222
2026,6,大安區,120937,280877,129392,151485
2026,6,中山區,103617,210913,96273,114640
2026,6,中正區,65969,143569,67605,75964
2026,6,大同區,54620,115920,55301,60619
2026,6,萬華區,81464,167356,80633,86723
2026,6,文山區,111051,252582,119412,133170
2026,6,南港區,49996,111268,53498,57770
2026,6,內湖區,112186,266274,125639,140635
2026,6,士林區,109456,256351,122432,133919
2026,6,北投區,101568,234449,111186,123263
2026,7,松山區,81246,186238,86482,99756
2026,7,信義區,90970,199651,93554,106097
2026,7,大安區,120906,280531,129230,151301
2026,7,中山區,103714,210857,96229,114628
2026,7,中正區,65950,143414,67544,75870
2026,7,大同區,54645,115812,55203,60609
2026,7,萬華區,81488,167224,80538,86686
2026,7,文山區,111092,252458,119373,133085
2026,7,南港區,50073,111302,53502,57800
2026,7,內湖區,112211,266085,125520,140565
2026,7,士林區,109481,256225,122370,133855
2026,7,北投區,101625,234362,111155,123207
2026,8,松山區,81268,185999,86337,99662
2026,8,信義區,91002,199398,93434,105964
2026,8,大安區,120969,280206,129053,151153
2026,8,中山區,103789,210696,96164,114532
2026,8,中正區,65902,143103,67423,75680
2026,8,大同區,54677,115657,55098,60559
2026,8,萬華區,81516,167155,80482,86673
2026,8,文山區,111226,252377,119341,133036
2026,8,南港區,50168,111268,53468,57800
2026,8,內湖區,112217,265856,125472,140384
2026,8,士林區,109507,255947,122231,133716
2026,8,北投區,101664,234168,111053,123115
2026,9,松山區,81318,185700,86181,99519
2026,9,信義區,91105,199198,93328,105870
2026,9,大安區,121045,279617,128760,150857
2026,9,中山區,103910,210441,96051,114390
2026,9,中正區,65870,142673,67209,75464
2026,9,大同區,54748,115605,55079,60526
2026,9,萬華區,81709,167175,80485,86690
2026,9,文山區,111325,252102,119216,132886
2026,9,南港區,50313,111371,53500,57871
2026,9,內湖區,112233,265437,125263,140174
2026,9,士林區,109580,255580,122056,133524
2026,9,北投區,101790,233973,110948,123025
